{
    "name": "root",
    "gauges": {
        "CarBehavior.Policy.Entropy.mean": {
            "value": 0.9845791459083557,
            "min": 0.9160900712013245,
            "max": 1.2566838264465332,
            "count": 500
        },
        "CarBehavior.Policy.Entropy.sum": {
            "value": 9861.544921875,
            "min": 8072.498046875,
            "max": 13899.341796875,
            "count": 500
        },
        "CarBehavior.Environment.EpisodeLength.mean": {
            "value": 188.77777777777777,
            "min": 102.3076923076923,
            "max": 256.2142857142857,
            "count": 500
        },
        "CarBehavior.Environment.EpisodeLength.sum": {
            "value": 10194.0,
            "min": 7480.0,
            "max": 12388.0,
            "count": 500
        },
        "CarBehavior.Step.mean": {
            "value": 4999985.0,
            "min": 9913.0,
            "max": 4999985.0,
            "count": 500
        },
        "CarBehavior.Step.sum": {
            "value": 4999985.0,
            "min": 9913.0,
            "max": 4999985.0,
            "count": 500
        },
        "CarBehavior.Policy.ExtrinsicValueEstimate.mean": {
            "value": 531.0956420898438,
            "min": 133.90782165527344,
            "max": 1106.8057861328125,
            "count": 500
        },
        "CarBehavior.Policy.ExtrinsicValueEstimate.sum": {
            "value": 62669.28515625,
            "min": 14863.767578125,
            "max": 148311.96875,
            "count": 500
        },
        "CarBehavior.Environment.CumulativeReward.mean": {
            "value": 712.6158018269629,
            "min": -176.89696940220892,
            "max": 873.036973132537,
            "count": 500
        },
        "CarBehavior.Environment.CumulativeReward.sum": {
            "value": 37768.63749682903,
            "min": -15220.535667315125,
            "max": 47059.81071090698,
            "count": 500
        },
        "CarBehavior.Policy.ExtrinsicReward.mean": {
            "value": 712.6158018269629,
            "min": -176.89696940220892,
            "max": 873.036973132537,
            "count": 500
        },
        "CarBehavior.Policy.ExtrinsicReward.sum": {
            "value": 37768.63749682903,
            "min": -15220.535667315125,
            "max": 47059.81071090698,
            "count": 500
        },
        "CarBehavior.IsTraining.mean": {
            "value": 1.0,
            "min": 1.0,
            "max": 1.0,
            "count": 500
        },
        "CarBehavior.IsTraining.sum": {
            "value": 1.0,
            "min": 1.0,
            "max": 1.0,
            "count": 500
        },
        "CarBehavior.Losses.PolicyLoss.mean": {
            "value": 0.014778147172182798,
            "min": 0.01124836109423389,
            "max": 0.025861867284402252,
            "count": 243
        },
        "CarBehavior.Losses.PolicyLoss.sum": {
            "value": 0.014778147172182798,
            "min": 0.01124836109423389,
            "max": 0.025861867284402252,
            "count": 243
        },
        "CarBehavior.Losses.ValueLoss.mean": {
            "value": 6264.3447265625,
            "min": 3358.6971923828123,
            "max": 166055.8296875,
            "count": 243
        },
        "CarBehavior.Losses.ValueLoss.sum": {
            "value": 6264.3447265625,
            "min": 3358.6971923828123,
            "max": 166055.8296875,
            "count": 243
        },
        "CarBehavior.Policy.LearningRate.mean": {
            "value": 0.0003,
            "min": 0.0003,
            "max": 0.0003,
            "count": 243
        },
        "CarBehavior.Policy.LearningRate.sum": {
            "value": 0.0003,
            "min": 0.0003,
            "max": 0.0003,
            "count": 243
        },
        "CarBehavior.Policy.Epsilon.mean": {
            "value": 0.20000000000000007,
            "min": 0.20000000000000007,
            "max": 0.20000000000000007,
            "count": 243
        },
        "CarBehavior.Policy.Epsilon.sum": {
            "value": 0.20000000000000007,
            "min": 0.20000000000000007,
            "max": 0.20000000000000007,
            "count": 243
        },
        "CarBehavior.Policy.Beta.mean": {
            "value": 0.005000000000000001,
            "min": 0.005000000000000001,
            "max": 0.005000000000000001,
            "count": 243
        },
        "CarBehavior.Policy.Beta.sum": {
            "value": 0.005000000000000001,
            "min": 0.005000000000000001,
            "max": 0.005000000000000001,
            "count": 243
        }
    },
    "metadata": {
        "timer_format_version": "0.1.0",
        "start_time_seconds": "1735210805",
        "python_version": "3.9.13 (tags/v3.9.13:6de2ca5, May 17 2022, 16:36:42) [MSC v.1929 64 bit (AMD64)]",
        "command_line_arguments": "C:\\Users\\Adel\\AppData\\Local\\Programs\\Python\\Python39\\Scripts\\mlagents-learn config\\Parking.yaml --initialize-from=ParkingTestDemo121 --run-id=ParkingTestDemo128",
        "mlagents_version": "0.30.0",
        "mlagents_envs_version": "0.30.0",
        "communication_protocol_version": "1.5.0",
        "pytorch_version": "2.5.1+cpu",
        "numpy_version": "1.21.2",
        "end_time_seconds": "1735217876"
    },
    "total": 7071.424966199999,
    "count": 1,
    "self": 0.013973999999507214,
    "children": {
        "run_training.setup": {
            "total": 0.07155789999999973,
            "count": 1,
            "self": 0.07155789999999973
        },
        "TrainerController.start_learning": {
            "total": 7071.3394343,
            "count": 1,
            "self": 10.318169900033354,
            "children": {
                "TrainerController._reset_env": {
                    "total": 18.398052999999997,
                    "count": 1,
                    "self": 18.398052999999997
                },
                "TrainerController.advance": {
                    "total": 7042.550533399967,
                    "count": 336659,
                    "self": 4.906398500148498,
                    "children": {
                        "env_step": {
                            "total": 7037.644134899819,
                            "count": 336659,
                            "self": 5946.3974156996555,
                            "children": {
                                "SubprocessEnvManager._take_step": {
                                    "total": 1085.9959570000105,
                                    "count": 336660,
                                    "self": 21.546013799857292,
                                    "children": {
                                        "TorchPolicy.evaluate": {
                                            "total": 1064.4499432001533,
                                            "count": 312626,
                                            "self": 1064.4499432001533
                                        }
                                    }
                                },
                                "workers": {
                                    "total": 5.250762200152835,
                                    "count": 336659,
                                    "self": 0.0,
                                    "children": {
                                        "worker_root": {
                                            "total": 7023.995786099852,
                                            "count": 336659,
                                            "is_parallel": true,
                                            "self": 1874.2134925999198,
                                            "children": {
                                                "steps_from_proto": {
                                                    "total": 0.0017559999999967602,
                                                    "count": 2,